{
  "BACK_BUTTON_TEXT": "رجوع",
  "NAME": "الاسم",
  "EMAIL": "البريد الإلكتروني",
  "USERNAME": "اسم المستخدم",
  "PASSWORD": "كلمه السر",
  "LOGIN": "تسجيل الدخول",
  "Login":"تسجيل الدخول",
  "Forgot Password?":"هل نسيت كلمة المرور؟",
  "Forgot Password":"هل نسيت كلمة المرور",
  "Submit":"ارسال",
  "Register":"تسجيل",
  "SIGNUP": "انشاء الحساب",
  "HELLO":"مرحبا",
  "Self":"لنفسي",
  "Book an":"كتاب",
  "Appointment":"موعد",
  "Registration Mode":"وضع التسجيل",
  "New Here?":"جديد هنا؟",
  "Sign Up Now":"سجل الان",
  "TAB1_TITLE": "عناصر",
  "TAB2_TITLE": "بحث",
  "check_age":"شكرا لك على التسجيل في QBB. وفقًا للسياسات الحالية ، لست مؤهلاً لأي من برامجنا البحثية المحددة. سنحتفظ بسجلك ونتصل بك بمجرد أن تكون مؤهلاً لأي من برامجنا. لمزيد من التفاصيل ، يرجى الاتصال ب QBB. يمكنك الاتصال بنا على +974 XXXX XXX",
  "TAB3_TITLE": "إعدادات",
  "Single":"اعزب",
  "forsmale":"عزباء",
  "forsfemale":"اعزب",
  "Married":"متزوج",
  "formale":"متزوج",
  "forfemale":"متزوجة",
  "are_you_sure":"هل أنت متأكد من أنك تريد تأكيد الموعد",
  "Divorced":"مطلقة",
  "MAP_TITLE": "خريطة",
  "Qatar":"دولة قطر",
  "TUTORIAL_SKIP_BUTTON": "تجاوز",
  "TUTORIAL_CONTINUE_BUTTON": "استمر",

  "TUTORIAL_SLIDE1_TITLE": "مرحبًا بكم في قطر بيوبنك",
  "TUTORIAL_SLIDE1_DESCRIPTION": "شريك حياتك لخدمة رعاية صحية موثوقة",

  "TUTORIAL_SLIDE2_TITLE": "تطبيق قطر بيوبنك PRMS",
  "TUTORIAL_SLIDE2_DESCRIPTION": "السماح بتسجيل المشترك ، حجز موعد عبر الإنترنت",

  "TUTORIAL_SLIDE3_TITLE": "كيفية الشروع",
  "TUTORIAL_SLIDE3_DESCRIPTION": "هل تحتاج إلى مساعدة؟ يمكنك الاطلاع على README لبرنامج تعليمي كامل على Ionic Super Starter",

  "TUTORIAL_SLIDE4_TITLE": "مستعد للعب؟",

  "WELCOME_INTRO": "نقطة الانطلاق لتطبيق Ionic العظيم الخاص بك",

  "SETTINGS_TITLE": "إعدادات",
  "SETTINGS_OPTION1": "خيار 1",
  "SETTINGS_OPTION2": "خيار 2",
  "SETTINGS_OPTION3": "خيار 3",
  "SETTINGS_OPTION4": "خيار 4",

  "SETTINGS_PROFILE_BUTTON": "تعديل الملف الشخصي",

  "SETTINGS_PAGE_PROFILE": "تعديل الملف الشخصي",

  "WELCOME_TITLE": "مرحبا",

  "LOGIN_TITLE": "تسجيل الدخول",
  "LOGIN_ERROR": "تعذر تسجيل الدخول. يرجى التحقق من معلومات حسابك وإعادة المحاولة.",
  "LOGIN_BUTTON": "تسجيل الدخول",
  "SIGNUP_TITLE": "انشاء الحساب",
  "SIGNUP_ERROR": "تعذر إنشاء الحساب. يرجى التحقق من معلومات حسابك وإعادة المحاولة.",
  "SIGNUP_BUTTON": "انشاء الحساب",

  "LIST_MASTER_TITLE": "عناصر",

  "ITEM_CREATE_TITLE": "عنصر جديد",
  "ITEM_CREATE_CHOOSE_IMAGE": "إضافة صورة",

  "ITEM_NAME_PLACEHOLDER": "الاسم",
  "ITEM_ABOUT_PLACEHOLDER": "عن",
"Baseline":"زيارة للمرة الاولى",
  "DONE_BUTTON": "انتهى!",
  "CANCEL_BUTTON": "الغاء",
  "DELETE_BUTTON": "حذف",

  "CARDS_TITLE": "اجتماعي",

  "SEARCH_TITLE": "بحث",
  "SEARCH_PLACEHOLDER": "ابحث في قائمة العناصر، مثل \"Donald Duck\"",
  "English":"الإنجليزية",
  "Arabic":"عربى",
  "Welcome_to_QBB":"مرحبًا بكم في QBB",
  "Your partner for reliable healthcare service":"شريك حياتك لخدمة رعاية صحية موثوقة",
  "Sign Up":"تسجيل الدخول",
  "Already have an account?":"هل لديك حساب؟",
  "By Registering you agree to our":"بالتسجيل فأنت توافق على",
  "Terms & Conditions":"الاحكام و الشروط",
  "First Name":"الاسم الاول",
  "Last Name":"اسم العائلة",
  "Name of the person who is acting on behalf of participant.":"اسم الشخص الذي تقوم بالتسجيل  نيابة عنه",
  "On Behalf":"بالنيابة",
  "Continue":"استمرار",
  "QID":" البطاقة الشخصية القطرية",
  "Password":"كلمه السر",
  "Or":"أو",
  "Access Set UP":"إعدادات الوصول",
  "Duration":"المدة الزمنية",
  "If you are new User?":"إذا كنت مستخدم جديد؟",
  "Book an Appointment":"احجز موعدك",
  "Social Media":"وسائل التواصل الاجتماعي",
  "Base Line":"زيارة للمرة الاولى",
  "Study":" الدراسة",
  "PAGE_A_TITLE":"احجز موعدك",
  "Ok":"موافق",
  "Password can not be blank":"يرجى ملىئ كلمة المرور",
  "Access Setup":"إعداد الوصول",
  "Results/Status":"النتائج / الحالة",
  "Newspaper":"الجرائد ",
  "My Appointments":"مواعيدي",
  "HOME":"الصفحة الرئيسية",
  "APPOINTMENTS":"مواعيدي",
  "Appointments":"جميع المواعيد",
  "Reschedule":"إعادة تغيير الحجز",
  "Mobile":"التليفون المحمول",
  "Please contact QBB to collect the result":"يرجى التواصل معنا من اجل حجز موعد لاستلام النتائج",
  "BOOK AN":"موعدك",
  "Full Name":"الاسم الكامل",
  "RESULTS":"النتائج",
  "STATUS":"الحالة",
  "PROFILE":"الملف الشخصي",
  "APPOINTMENT":"موعد",
  "Confirm":"تؤكد",
  "Change":"يتغيرون",
  "Results":"النتائج",
  "Result":"النتائج",
  "Status":"الحالة",
  "Studies":"دراسات",
  "Profile":"الملف الشخصي",
  "Language":"لغة",
  "Select Visit Type":"اختر نوع الزيارة",
  "Change Language":"تغيير اللغة",
  "Sign Out":"خروج",
  "Mobile Number":"رقم الهاتف المحمول",
  "Gender":"الجنس",
  "Male":"ذكر",
  "Female":"انثى",
  "Other":"اخرى",
  "Email address":"عنوان البريد الكتروني",
  "How long you have been living in Qatar?":"منذ متى وأنت تعيش في قطر؟",
  "How did you come to know about QBB?":"اين سمعت عن قطر بيوبنك ؟",
  "Campaigns":"حملات",
  "Select_the_campaign":"اختر حملات",
  "Study Code":"كود الدراسة",
  "Clear":"مسح",
  "Enter OTP":"أدخل كلمة المرور لمرة واحدة",
  "New password":"رمز سري جديد",
  "Confirm password":"تأكيد كلمة المرور",
  "Are you pregnant?":"هل انت حامل",
  "Yes":"نعم",
  "No":"لا",
  "Select Available Studies":"اختر الدراسات المتاحة",
  "QBB COHORT":"مجموعة قطر لتحديد النسل (Qbic)",
  "Cohort":"جماعة",
  "QBB QBIC":"QBB QBIC",
  "CANCEL":"إلغاء",
  "Cancel":"إلغاء",
  "All":"الكل",
  "username_pass":"الرجاء إدخال اسم المستخدم وكلمة المرور",
  "about":"نبذة عن قطر بيوبنك",
  "about_us":"نبذة عن قطر بيوبنك",
  "about_content":"تم إنشاء قطر بيوبنك ليكون مبادرة صحية طويلة الأجل تتيح فرصًا أفضل لكافة سكان دولة قطر تجنب الأمراض الخطيرة وتحسين صحة أجيال المستقبل من خلال إجراء الأبحاث الطبية حول أسباب الأمراض المنتشرة بين السكان في قطر وجمع العينات الحيوية والمعلومات المتعلقة بالصحة وأنماط الحياة من عدد كبير من سكان دولة قطر.",
  "about_contentt":"وفي السنوات القليلة القادمة ستكشف الأبحاث التي سيتم تنفيذها بفضل المعلومات والعينات التي سيجمعها قطر بيوبنك مدى تأثير نمط الحياة والبيئة والجينات الوراثية على صحة السكان في قطر وفهم أسباب إصابة بعض الأفراد في قطر دون غيرهم بأمراض معينة. ويتميز بيوبنك بأنه مركز يعمل تحت مظلة مؤسسة قطر للتربية والعلوم وتنمية المجتمع، بالتعاون مع مؤسسة حمد الطبية ووزارة الصحة العامة.",
  "Notifications":"إخطارات",
  "Completed":"مكتمل",
  "Upcoming":"القادمة",
  "Cancelled":"ملغى",
  "Rescheduled":"تغيير الموعد",
  "No Show":"لا تظهر",
  "To Reschedule":"لإعادة التسجيل",
  "Time Slot":"المواعيد المتاحة",
  "Visit Type":"نوع الزيارة",
  "Appointment Type":"نوع الموعد",
  "Study Name":"اسم الدراسة",
  "Reschedule Appointment":"اعادة جدولة الموعد",
  "Select Date":"حدد تاريخ",
  "Next Week":"الاسبوع القادم",
  "Next Available Dates":"الموعد المتاح القادم",
  "Booked":"حجز",
  "Available":"متاح",
  "Reschedule Now":"إعادة جدولة الآن",
  "Download":"تحميل",
  "OTP Verification":"التحقق من OTP",
  "Please enter OTP to download the Result.":"يرجى إدخال OTP لتنزيل النتيجة.",
  "Resend":"إعادة إرسال",
  "Health Card No.":"رقم البطاقة الصحية",
  "Date of Birth":"تاريخ الميلاد",
  "Nationality":"الجنسية",
  "Email":"البريد الإلكتروني",
  "Marital Status":"الحالة الإجتماعية",
  "Edit Profile":"تعديل الملف الشخصي",
  "Save":"حفظ",
  "Studies Appointment":"موعد الدراسات",
  "Back":"عودة",
  "Date of Birth":"تاريخ الميلاد",
  "Middle Name":"الاسم الوسطى",
  "Please enter a valid email id":"الرجاء إدخال عنوان البريد الكتروني",
  "Select marital status":"الحالة الإجتماعية",
  "select_gender":"أختر الجنس",
  "select_duration":"أختر المدة الزمنية",
  "select_source":"أختر المصدر",
  "select_marital_status":"أختر الحالة الإجتماعية",
  "check_mail":"شكرا لك على التسجيل في QBB. لقد أوشكت على الانتهاء من الوصول عبر الإنترنت على مدار 24 ساعة يوميًا إلى QBB Portal وتطبيقات الهاتف المحمول. يرجى إدخال OTP المستلم في معرف هاتفك المحمول / البريد الإلكتروني المسجل وتعيين بيانات اعتماد الوصول الخاصة بك في الصفحة التالية والوصول إلى QBB portal / تطبيق الهاتف المحمول في أي وقت",
  "Qatar ID number cannot be blank":"لا يمكن أن يكون رقم المعرف فارغًا",
  "Please enter valid Qatar ID":"الرجاء إدخال رقم البطاقة الشخصية القطرية الصحيح",
  "valid_qid_enter":"الرجاء إدخال رقم البطاقة الشخصية القطرية الصحيح",
  "valid_qid":"يرجى إدخال هوية قطر صالحة أو تاريخ الميلاد",
  "The first name cannot be empty":"املئ حقل الاسم الاول",
  "Last name cannot be empty":"املئ حقل الاسم الاخير",
  "Mobile number cannot be empty":"املئ حقل رقم الهاتف",
  "Gender cannot be empty":"املئ حقل الجنس",
  "Email address cannot be empty":"املئ حقل البريد الالكتروني",
  "Duration cannot be null":"لا يمكن أن تكون المدة خالية",
  "Source cannot be empty":"المصدر لا يمكن أن يكون فارغا",
  "The mobile number will start with 6 or 9":"سيبدأ رقم الجوال بـ 6 أو 9",
  "Please enter the correct qid or OTP again":"الرجاء إدخال رمز OTP صالح لمشاركة رقم هاتفك المحمول / معرف البريد الإلكتروني المسجل",
  "Password does not match":"كلمات المرور غير متطابقة ، يرجى المحاولة مرة أخرى",
  "There are no appointments":"لايوجد مواعيد",
  "The first name can contain only alphabetic characters":"الاسم الاول لايمكن ان يحتوي على محتوى اخر غير الحروف",
  "Qatar ID accept only numbers":"معرف قطر يقبل فقط الأرقام",
  "Invalid number, please enter the correct contact number":"رقم غير صحيح ، يرجى إدخال رقم الاتصال الصحيح",
  "Please enter a valid Qatar Health Card number":"يرجى إدخال رقم بطاقة قطر الصحية",
  "The name you entered is same as actual participants. As you are doing registration on behalf of actual participant, please enter your name / name of the person who asked to do registration on behalf of actual participant":"الاسم الذي أدخلته مماثل للمشاركين الفعليين. أثناء قيامك بالتسجيل نيابة عن المشارك الفعلي ، يرجى إدخال اسمك / اسم الشخص الذي طلب التسجيل نيابةً عن المشارك الفعلي",
  "Passwords must be at least 8 characters and contain at 3 of 4 of the following: upper case (A-Z), lower case (a-z), number (0-9) and special character (e.g. !@#$%^&*)":"يجب أن تتكون كلمات المرور من 8 أحرف على الأقل وأن تحتوي على 3 من 4 مما يلي: الأحرف الكبيرة (A-Z) والأحرف الصغيرة (a-z) والرقم (0-9) والحرف الخاص (على سبيل المثال! @ # $٪ ^ & *)",
  "Select_studies":"اختر  دراسات",
  "select_visittype":"اختر نوع الزيارة",
  "Other, Please Specify":"اخرى, يرجى التحديد",
  "reg_suc":"شكرًا لك على إكمال التسجيل عبر الإنترنت. يمكنك تسجيل الدخول إلى البوابة الإلكترونية لتطبيقات الهاتف المتحرك من QBB في أي وقت باستخدام QID وكلمة المرور. للحصول على أي دعم ، يرجى الاتصال بـ QBB. يمكنك الاتصال بنا على +974 44541177",
  "select_slot":"يرجى تحديد موعد ووقت لتأكيد الموعد",
  "not_able_tocancel":"عذرًا ، إلغاء الموعد المحدد غير ممكن. يرجى الاتصال على قطر بيوبنك للحصول على معلومات إضافية. يمكنك التواصل معنا على +974 44541177",
  "AM":"صباحا",
  "PM":"مساءا",
  "reschedule_appoint":"هل انت متاكد كم اعادة تغيير الحجز ؟",
  "create_account":"Create an account",
  "duplicate_booking":"عذرًا ، الحجز المكرر غير ممكن نظرًا لوجود حجز تم إجراؤه بالفعل للدراسة المحددة. يمكنك إعادة حجز موعد اخر بدلا من الحجز الحالي ، إذا لزم الأمر",
  "sure_reschedule":"",
  "Collect Result":"جمع النتيجة",
  "Create an Account":"انشئ حساب",
  "Done":"انتهى",
  "Please Select the appointment date and time for confirming the appointment":"يرجى اختيار تاريخ ووقت الموعد المراد تحديده",
  "Swipe right to view more dates":"اسحب الى اليمين لرؤية تواريخ اخرى",
  "Swipe right to view more slots":"اسحب الى اليمين لرؤية مواعيد اخرى",
  "results are still under review, you will receive an SMS once the results are ready":"لاتزال النتائج قيد المراجعة ، ستتلقى رسالة نصية قصيرة بمجرد أن تكون النتائج جاهزة",
  "QatarId and OTP not matching":" البطاقة الشخصية القطرية وكلمة المرور لمرة واحدة لا يتطابقان",
  "Get OTP":"احصل علي كلمه السر",
  "Your result is ready for collection":"نتيجتك جاهزة للتحصيل"



}
