{
  "BACK_BUTTON_TEXT": "Back",

  "NAME": "Name",
  "EMAIL": "Email",
  "USERNAME": "Username",
  "PASSWORD": "Password",
  "LOGIN": "Sign in",
  "SIGNUP": "Sign up",
  "HELLO": "Hello",
  "TAB1_TITLE": "Items",
  "TAB2_TITLE": "Search",
  "TAB3_TITLE": "Settings",
  "MAP_TITLE": "Map",
  "forsmale":"Single",
  "forsfemale":"Single",
  "check_age":"Thank you for registering at QBB. As per current policies, you are not eligible for any of our specific research programs. We will keep your record and contact you once you are eligible for any of our programs. For more details, please contact QBB. You can contact us at +974 XXXX XXX",
  "Married":"Married",
  "formale":"Married",
  "forfemale":"Married",
  "Divorced":"Divorced",
  "TUTORIAL_SKIP_BUTTON": "Skip",
  "TUTORIAL_CONTINUE_BUTTON": "Continue",

  "TUTORIAL_SLIDE1_TITLE": "Welcome to QBB",
  "TUTORIAL_SLIDE1_DESCRIPTION": "Your partner for reliable healthcare service",

  "TUTORIAL_SLIDE2_TITLE": "QBB PRMS APP",
  "TUTORIAL_SLIDE2_DESCRIPTION": "Allow Participant Registration,Online Appointment booking",

  "TUTORIAL_SLIDE3_TITLE": "Contrary to elief",
  "TUTORIAL_SLIDE3_DESCRIPTION": "Lorem ipsum is not somply random text.",

  "TUTORIAL_SLIDE4_TITLE": "Ready to Play?",

  "WELCOME_INTRO": "The starting point for your next great Ionic app",

  "SETTINGS_TITLE": "Settings",
  "SETTINGS_OPTION1": "Option 1",
  "SETTINGS_OPTION2": "Option 2",
  "SETTINGS_OPTION3": "Option 3",
  "SETTINGS_OPTION4": "Option 4",

  "SETTINGS_PROFILE_BUTTON": "Edit Profile",

  "SETTINGS_PAGE_PROFILE": "Edit Profile",
  "Self":"Self",
  "Forgot Password?":"Forgot Password?",
  "Forgot Password":"Forgot Password",
  "WELCOME_TITLE": "Welcome",
  "New Here?":"New Here?",
  "Book an":"Book an",
  "Appointment":"Appointment",
  "Ok":"Ok",
  "Appointments":"Appointments",
  "Notifications":"Notifications",
  "Register":"Register",
  "On Behalf":"On Behalf",
  "Sign Up Now":"Sign Up Now",
  "Submit":"Submit",
  "Forget Password":"Forget Password",
  "Registration Mode":"Registration Mode",
  "Login":"Login",
  "LOGIN_TITLE": "Sign in",
  "LOGIN_ERROR": "Unable to sign in. Please check your account information and try again.",
  "LOGIN_BUTTON": "Sign in",
  "SIGNUP_TITLE": "Sign up",
  "SIGNUP_ERROR": "Unable to create account. Please check your account information and try again.",
  "SIGNUP_BUTTON": "Sign up",

  "LIST_MASTER_TITLE": "Items",

  "ITEM_CREATE_TITLE": "New Item",
  "ITEM_CREATE_CHOOSE_IMAGE": "Add Image",

  "ITEM_NAME_PLACEHOLDER": "Name",
  "ITEM_ABOUT_PLACEHOLDER": "About",

  "DONE_BUTTON": "Done",
  "CANCEL_BUTTON": "Cancel",
  "DELETE_BUTTON": "Delete",

  "CARDS_TITLE": "Social",

  "SEARCH_TITLE": "Search",
  "SEARCH_PLACEHOLDER": "Search the items list, e.g. \"Donald Duck\"",
  "English":"English",
  "Arabic":"Arabic",
  "Welcome_to_QBB":"Welcome to QBB",
  "Your partner for reliable healthcare service":"Your partner for reliable healthcare service",
  "Sign Up":"Sign Up",
  "Already have an account?":"Already have an account?",
  "By Registering you agree to our":"By Registering you agree to our",
  "Terms & Conditions":"Terms & Conditions",
  "First Name":"First Name",
  "Last Name":"Last Name",
  "Name of the person who is acting on behalf of participant.":"Name of the person who is acting on behalf of participant.",
  "Continue":"Continue",
  "QID":"QID",
  "Password":"Password",
  "Or":"Or",
  "Access Set UP":"Access Set UP",
  "If you are new User?":"If you are new User?",
  "Book an Appointment":"Book an Appointment",
  "Access Setup":"Access Setup",
  "PAGE_A_TITLE":"Book an Appointment",
  "My Appointments":"My Appointments",
  "Results/Status":"Results/Status",
  "Results":"Results",
  "Result":"Result",
  "Status":"Status",
  "Studies":"Studies",
  "Full Name":"Full Name",
  "Profile":"My Profile",
  "Newspaper":"Newspaper",
  "Change Language":"Change Language",
  "Language":"Language",
  "Duration":"Duration",
  "APPOINTMENTS":"APPOINTMENTS",
  "BOOK AN":"BOOK AN",
  "Social Media":"Social Media",
  "RESULTS":"RESULTS",
  "APPOINTMENT":"APPOINTMENT",
  "STATUS":"STATUS",
  "PROFILE":"My Profile",
  "Change":"Change",
  "Select Visit Type":"Select Visit Type",
  "Sign Out":"Sign Out",
  "HOME":"HOME",
  "Mobile Number":"Mobile Number",
  "Mobile":"Mobile",
  "Gender":"Gender",
  "select_gender":"Select gender",
  "select_duration":"Select duration",
  "select_source":"Select source",
  "select_marital_status":"Select marital status",
  "Male":"Male",
  "Female":"Female",
  "Other":"Other",
  "Email address":"Email address",
  "How long you have been living in Qatar?":"How long you have been living in Qatar?",
  "How did you come to know about QBB?":"How did you come to know about QBB?",
  "Campaigns":"Campaigns",
  "Select_the_campaign":"Select campaign",
  "Clear":"Clear",
  "Qatar":"Qatar",
  "Enter OTP":"Enter OTP",
  "New password":"New password",
  "Password can not be blank":"Password can not be blank",
  "Confirm password":"Confirm password",
  "Confirm":"Confirm",
  "Are you pregnant?":"Are you pregnant?",
  "Yes":"Yes",
  "No":"No",
  "username_pass":"Please enter Username and password",
  "Select Available Studies":"Select Available Studies",
  "QBB COHORT":"QBB COHORT",
  "Cohort":"Cohort",
  "QBB QBIC":"QBB QBIC",
  "are_you_sure":"Are you sure you want to confirm this slot?",
  "Study Code":"Study Code",
  "CANCEL":"CANCEL",
  "Cancel":"Cancel",
  "Base Line":"Base Line",
  "about":"About",
  "about_us":"About Us",
  "about_content":"Qatar Biobank, a long-term health initiative, was launched by Qatar to reduce the number of chronic illnesses in the population and improve the health of future generations through medical research on the causes of prevalent illnesses. This is done by gathering biological samples and information on the health and lifestyle of Qatar’s people.",
  "about_contentt":"In the next few years, research based on the samples and information gathered by Qatar Biobank will reveal the effect of lifestyle, environment and genetics on Qatari population. I will also provide insight into the reasons why certain individuals develop specific illnesses. Qatar Biobank is a member of Qatar Foundation for Education, Science and Community Development, and works in collaboration with the Ministry of Public Health and Hamad Medical Corporation.",
  "Study":"Study",
  "All":"All",
  "Completed":"Completed",
  "Upcoming":"Upcoming",
  "Cancelled":"Cancelled",
  "Rescheduled":"Rescheduled",
  "No Show":"No Show",
  "To Reschedule":"To Reschedule",
  "Time Slot":"Time Slot",
  "Visit Type":"Visit Type",
  "Appointment Type":"Appointment Type",
  "Study Name":"Study Name",
  "Reschedule Appointment":"Reschedule Appointment",
  "Reschedule":"Reschedule",
  "Select Date":"Select Date",
  "Next Week":"Next Week",
  "Next Available Dates":"Next Available Dates",
  "Please contact QBB to collect the result":"Please contact QBB to collect the result",
  "Booked":"Booked",
  "Available":"Available",
  "Reschedule Now":"Reschedule Now",
  "Download":"Download",
  "OTP Verification":"OTP Verification",
  "Please enter OTP to download the Result.":"Please enter OTP to download the Result.",
  "Resend":"Resend",
  "Health Card No.":"Health Card No.",
  "Date of Birth":"Date of Birth",
  "Nationality":"Nationality",
  "Email":"Email",
  "Marital Status":"Marital Status",
  "Select marital status":"Select marital status",
  "Edit Profile":"Edit Profile",
  "Save":"Save",
  "Baseline":"Baseline",
  "Studies Appointment":"Studies Appointment",
  "Middle Name":"Middle Name",
  "Please enter a valid email id":"Please enter a valid email id",
  "check_mail":"Thank you for registering with QBB. You are near to completion of 24 X 7 Online Access to QBB Portal & Mobile Application. Please Enter the OTP received in your registered mobile / Email ID and set your access credentials in next page and access QBB portal / Mobile application any time",
  "Qatar ID number cannot be blank":"Qatar ID number cannot be blank",
  "Please enter valid Qatar ID":"Please enter valid Qatar ID",
  "valid_qid_enter":"Please enter valid Qatar ID",
  "valid_qid":"Please enter a valid Qatar ID or date of birth",
  "The first name cannot be empty":"The first name cannot be empty",
  "Last name cannot be empty":"Last name can not be empty",
  "Mobile number cannot be empty":"Mobile number can not be empty",
  "Gender cannot be empty":"Gender cannot be empty",
  "Email address cannot be empty":"Email address can not be empty",
  "Duration cannot be null":"Duration can not be empty",
  "Source cannot be empty":"Source can not be empty",
  "The mobile number will start with 6 or 9":"The mobile number will start with 6 or 9",
  "Please enter the correct qid or OTP again":"please enter the valid OTP shared to your registered Mobile number / Email ID",
  "Password does not match":"Passwords Don't Match, please try again",
  "There are no appointments":"There are no appointments !",
  "The first name can contain only alphabetic characters":"Special characters not allowed",
  "Qatar ID accept only numbers":"Qatar ID accept only numbers",
  "Invalid number, please enter the correct contact number":"Invalid number, please enter the correct contact number",
  "Please enter a valid Qatar Health Card number":"Please enter a valid Qatar Health Card number",
  "The name you entered is same as actual participants. As you are doing registration on behalf of actual participant, please enter your name / name of the person who asked to do registration on behalf of actual participant":"The name you entered is same as actual participants. As you are doing registration on behalf of actual participant, please enter your name / name of the person who asked to do registration on behalf of actual participant",
  "Passwords must be at least 8 characters and contain at 3 of 4 of the following: upper case (A-Z), lower case (a-z), number (0-9) and special character (e.g. !@#$%^&*)":"Passwords must be at least 8 characters and contain at 3 of 4 of the following: upper case (A-Z), lower case (a-z), number (0-9) and special character (e.g. !@#$%^&*)",
  "Select_studies":"Select studies",
  "select_visittype":"Choose the type of visit",
  "Other, Please Specify":"Other, Please Specify",
  "reg_suc":"Thank you for completing the online registration. You can login to QBB online portal / Mobile Application any time by using QID & password. For any support, please contact QBB. You can reach us on +974 44541177",
  "select_slot":"Please Select the appointment date and time for confirming the appointment",
  "not_able_tocancel":"Sorry, Cancellation of selected appointment is not possible. Please contact QBB for additional information. You can reach us on +974 44541177",
  "AM":"AM",
  "PM":"PM",
  "reschedule_appoint":"Are you sure to reschedule the selected appointments?",
  "create_account":"Create an account",
  "duplicate_booking":"Sorry, Duplicate booking is not possible as there is a booking already made for the selected study. You can reschedule the Existing booking, if needed",
  "sure_reschedule":"",
  "Collect Result":"Collect Result",
  "Create an Account":"Create an Account",
  "Done":"Done",
  "Please Select the appointment date and time for confirming the appointment":"Please Select the appointment date and time for confirming the appointment",
  "Swipe right to view more dates":"Swipe right to view more dates",
  "Swipe right to view more slots":"Swipe right to view more slots",
  "results are still under review, you will receive an SMS once the results are ready":"results are still under review, you will receive an SMS once the results are ready",
  "QatarId and OTP not matching":"QatarId and OTP not matching",
  "Get OTP":"Get OTP",
  "Your result is ready for collection":"Your result is ready for collection."
}
